,text,scores,boxes,centroid,source,latitude,longitude,nama,kategori,telp,alamat,website,last_review,date_last_review,last_review_rating,link
0,juanda,0.9610312581062317,"[[1264.0, 62.0], [1286.0, 67.0], [1270.0, 126.0], [1248.0, 120.0]]",POINT (1267.0138181818181 93.81406060606061),"https://www.google.com/maps/@-6.9201876,106.9307722,20z?",,,,,,,,,,,
1,chi arjuna wijaya,0.9750803709030151,"[[71.0, 87.0], [182.0, 92.0], [181.0, 114.0], [70.0, 109.0]]",POINT (126 100.5),"https://www.google.com/maps/@-6.9201876,106.9307722,20z?",-6.9197446,106.9295305,Mochi Arjuna Wijaya,Kedai Hidangan Penutup,Telepon: 0857-0372-3733 ,"Alamat: Jl. R. E. Martadinata Gg. Ajid I No.11, Gunungparang, Kec. Cikole, Kota Sukabumi, Jawa Barat 43111 ",,"Setelah main ke jembatan gantung situ gunung disempetin mampir ke sini. Salah satunya beli mochi arjuna paket kombinasi. Beli mochinya cuma 1 krn kupikir sama aja dg mochi2 dr daerah lain. Ternyata respon anggota keluarga yg makan mochi ini sgt beda dg yg lain...mere pada bilang ""ueenaak"". Nyesel deh cuma beli 1.",6 hari lalu,5 bintang,"https://www.google.com/maps/place/Mochi+Arjuna+Wijaya/@-6.9197446,106.9292088,20z/data=!4m6!3m5!1s0x2e684845f1a4bb5d:0x5106779c71bc9bdb!8m2!3d-6.9197446!4d106.9295305!16s%2Fg%2F1pzthwc_t?entry=ttu&g_ep=EgoyMDI0MTEwNi4wIKXMDSoASAFQAw%3D%3D"
2,madarsah-panggeuing,0.9846673011779785,"[[106.0, 146.0], [256.0, 146.0], [256.0, 165.0], [106.0, 165.0]]",POINT (181 155.5),"https://www.google.com/maps/@-6.9201876,106.9307722,20z?",,,,,,,,,,,
3,dago,0.8632258176803589,"[[1361.0, 167.0], [1427.0, 172.0], [1425.0, 196.0], [1359.0, 191.0]]",POINT (1393 181.5),"https://www.google.com/maps/@-6.9201876,106.9307722,20z?",-6.9198516,106.9313125,Dago,Sekolah,,"Alamat: Jl. R. E. Martadinata No.37, Cikole, Kec. Cikole, Kota Sukabumi, Jawa Barat 43111 ",,,setahun lalu,5 bintang,"https://www.google.com/maps/place/Dago/@-6.9201876,106.9307722,20z/data=!4m6!3m5!1s0x2e6849596d5f78eb:0x896419f6d260780c!8m2!3d-6.9198516!4d106.9313125!16s%2Fg%2F11fnvvtk71?entry=ttu&g_ep=EgoyMDI0MTEwNi4wIKXMDSoASAFQAw%3D%3D"
4,h.juanda,0.9834303855895996,"[[1214.0, 299.0], [1240.0, 305.0], [1222.0, 390.0], [1196.0, 385.0]]",POINT (1217.9873672121732 344.68963537180593),"https://www.google.com/maps/@-6.9201876,106.9307722,20z?",,,,,,,,,,,
5,soto dag,0.9268566370010376,"[[1325.0, 6.0], [1380.0, 10.0], [1379.0, 26.0], [1324.0, 22.0]]",POINT (1352 16),"https://www.google.com/maps/@-6.918996,106.9307722,20z?",,,,,,,,,,,
6,sate,0.9969968795776367,"[[1004.0, 52.0], [1030.0, 52.0], [1030.0, 66.0], [1004.0, 66.0]]",POINT (1017 59),"https://www.google.com/maps/@-6.918996,106.9307722,20z?",,,,,,,,,,,
8,ajid 2,0.9976350665092468,"[[1025.0, 132.0], [1048.0, 137.0], [1037.0, 185.0], [1014.0, 180.0]]",POINT (1031 158.5),"https://www.google.com/maps/@-6.918996,106.9307722,20z?",,,,,,,,,,,
9,kasih sukabumi,0.9048575758934021,"[[261.0, 185.0], [368.0, 192.0], [367.0, 214.0], [260.0, 207.0]]",POINT (314 199.5),"https://www.google.com/maps/@-6.918996,106.9307722,20z?",,,,,,,,,,,
10,ayam ge,0.9018532037734985,"[[268.0, 179.0], [322.0, 179.0], [322.0, 193.0], [268.0, 193.0]]",POINT (295 186),"https://www.google.com/maps/@-6.918996,106.9307722,20z?",,,,,,,,,,,
11,anugrah,0.9865172505378723,"[[342.0, 179.0], [402.0, 179.0], [402.0, 193.0], [342.0, 193.0]]",POINT (372 186),"https://www.google.com/maps/@-6.918996,106.9307722,20z?",,,,,,,,,,,
12,r,0.6125479340553284,"[[1402.0, 299.0], [1418.0, 299.0], [1418.0, 319.0], [1402.0, 319.0]]",POINT (1410 309),"https://www.google.com/maps/@-6.918996,106.9307722,20z?",,,,,,,,,,,
13,ajid,0.8262147307395935,"[[932.0, 383.0], [946.0, 383.0], [946.0, 421.0], [932.0, 421.0]]",POINT (939 402),"https://www.google.com/maps/@-6.918996,106.9307722,20z?",,,,,,,,,,,
14,go,0.5419555902481079,"[[302.0, 466.0], [324.0, 466.0], [324.0, 480.0], [302.0, 480.0]]",POINT (313 473),"https://www.google.com/maps/@-6.918996,106.9307722,20z?",,,,,,,,,,,
15,aid,0.9470114707946777,"[[336.0, 478.0], [372.0, 478.0], [372.0, 494.0], [336.0, 494.0]]",POINT (354 486),"https://www.google.com/maps/@-6.918996,106.9307722,20z?",,,,,,,,,,,
16,cg.ajid3,0.7968122959136963,"[[392.0, 491.0], [470.0, 512.0], [464.0, 534.0], [386.0, 513.0]]",POINT (428 512.5),"https://www.google.com/maps/@-6.918996,106.9307722,20z?",,,,,,,,,,,
17,pedestrian dago,0.947524905204773,"[[1400.0, 490.0], [1516.0, 492.0], [1516.0, 514.0], [1400.0, 512.0]]",POINT (1458 502),"https://www.google.com/maps/@-6.918996,106.9307722,20z?",-6.9190869,106.9313529,Pedestrian Dago,Taman,Telepon: 0859-4739-6950 ,"Alamat: Jl. Ir. H. Juanda, Cikole, Kec. Cikole, Kota Sukabumi, Jawa Barat 43111 ",Situs Web: kdp.sukabumikota.go.id ,"Suasananya enak buat ngabisin waktu, nikmatin suasana sukabumi. Sebelumnya cenderung dominan dengan yang jualan, sekarang sudah jauh lebih bagus penataannya. Rapi!",setahun lalu,4 bintang,"https://www.google.com/maps/place/Pedestrian+Dago/@-6.918996,106.9307722,20z/data=!4m6!3m5!1s0x2e6849d21f78bccf:0x8fcab11e73211ec6!8m2!3d-6.9190869!4d106.9313529!16s%2Fg%2F11mwrx_b5p?entry=ttu&g_ep=EgoyMDI0MTEwNi4wIKXMDSoASAFQAw%3D%3D"
18,3,0.5847458243370056,"[[1354.0, 516.0], [1364.0, 516.0], [1364.0, 530.0], [1354.0, 530.0]]",POINT (1359 523),"https://www.google.com/maps/@-6.918996,106.9307722,20z?",,,,,,,,,,,
19,go,0.5795581936836243,"[[544.0, 538.0], [565.0, 549.0], [558.0, 562.0], [537.0, 552.0]]",POINT (550.9084967320262 550.1764705882352),"https://www.google.com/maps/@-6.918996,106.9307722,20z?",,,,,,,,,,,
20,.ajid,0.7813931703567505,"[[559.0, 549.0], [612.0, 561.0], [608.0, 577.0], [555.0, 565.0]]",POINT (583.5 563),"https://www.google.com/maps/@-6.918996,106.9307722,20z?",,,,,,,,,,,
21,kantor dprd,0.9939698576927185,"[[1496.0, 608.0], [1588.0, 606.0], [1588.0, 626.0], [1496.0, 628.0]]",POINT (1542 617),"https://www.google.com/maps/@-6.918996,106.9307722,20z?",-6.9192497,106.9314891,Kantor DPRD Kota Sukabumi,Dewan,Telepon: (0266) 221127 ,"Alamat: Jl. Ir. H. Juanda No.6, Cikole, Kec. Cikole, Kota Sukabumi, Jawa Barat 43113 ",,,3 bulan lalu,5 bintang,"https://www.google.com/maps/place/Kantor+DPRD+Kota+Sukabumi/@-6.918996,106.9307722,20z/data=!4m6!3m5!1s0x2e684836e78f9777:0xa72c4d50e2c26fbe!8m2!3d-6.9192497!4d106.9314891!16s%2Fg%2F1hf98pz8p?entry=ttu&g_ep=EgoyMDI0MTEwNi4wIKXMDSoASAFQAw%3D%3D"
22,ajid 1,0.9124822020530701,"[[158.0, 665.0], [179.0, 675.0], [158.0, 717.0], [137.0, 706.0]]",POINT (158 690.8333333333334),"https://www.google.com/maps/@-6.918996,106.9307722,20z?",,,,,,,,,,,
23,g.ajid3,0.9633644223213196,"[[932.0, 666.0], [1015.0, 690.0], [1008.0, 711.0], [925.0, 688.0]]",POINT (969.7075423293996 688.66016760732),"https://www.google.com/maps/@-6.918996,106.9307722,20z?",,,,,,,,,,,
24,r,0.9950072765350342,"[[1302.0, 781.0], [1316.0, 781.0], [1316.0, 795.0], [1302.0, 795.0]]",POINT (1309 788),"https://www.google.com/maps/@-6.918996,106.9307722,20z?",,,,,,,,,,,
26,perpustak,0.997791051864624,"[[1145.0, 33.0], [1213.0, 38.0], [1211.0, 60.0], [1143.0, 55.0]]",POINT (1178 46.5),"https://www.google.com/maps/@-6.9178044,106.9307722,20z?",,,,,,,,,,,
27,rtaka sn amum,0.6669382452964783,"[[1178.0, 38.0], [1306.0, 38.0], [1306.0, 72.0], [1178.0, 72.0]]",POINT (1242 55),"https://www.google.com/maps/@-6.9178044,106.9307722,20z?",,,,,,,,,,,
28,q,0.5621792078018188,"[[26.0, 76.0], [44.0, 76.0], [44.0, 98.0], [26.0, 98.0]]",POINT (35 87),"https://www.google.com/maps/@-6.9178044,106.9307722,20z?",,,,,,,,,,,
29,impang botram,0.9969180822372437,"[[70.0, 121.0], [170.0, 124.0], [170.0, 144.0], [70.0, 141.0]]",POINT (120 132.5),"https://www.google.com/maps/@-6.9178044,106.9307722,20z?",-6.9174034,106.9295519,Simpang Botram,Taman,,"Alamat: Jl. Surya Kencana No.29-31, Selabatu, Kec. Cikole, Kota Sukabumi, Jawa Barat 43114 ",,Restoran Sunda no 1 d Sukabumi,2 bulan lalu,5 bintang,"https://www.google.com/maps/place/Simpang+Botram/@-6.9178044,106.9307722,20z/data=!4m6!3m5!1s0x2e6849aad0b0f365:0x5a5116020cdcf45b!8m2!3d-6.9174034!4d106.9295519!16s%2Fg%2F11vb6d4jfj?entry=ttu&g_ep=EgoyMDI0MTEwNi4wIKXMDSoASAFQAw%3D%3D"
30,mr ebood sukabumi,0.9995664954185486,"[[78.0, 164.0], [206.0, 159.0], [206.0, 179.0], [78.0, 184.0]]",POINT (142 171.5),"https://www.google.com/maps/@-6.9178044,106.9307722,20z?",,,,,,,,,,,
32,yapeah! sukabumi,0.8205596208572388,"[[255.0, 177.0], [414.0, 182.0], [413.0, 212.0], [254.0, 207.0]]",POINT (334 194.5),"https://www.google.com/maps/@-6.9178044,106.9307722,20z?",,,,,,,,,,,
33,sudin. sh,0.965053141117096,"[[77.0, 194.0], [148.0, 225.0], [136.0, 251.0], [66.0, 220.0]]",POINT (106.84456116312704 222.51084722539392),"https://www.google.com/maps/@-6.9178044,106.9307722,20z?",,,,,,,,,,,
34,raan,0.8638889789581299,"[[1292.0, 223.0], [1316.0, 199.0], [1332.0, 215.0], [1308.0, 239.0]]",POINT (1312 219),"https://www.google.com/maps/@-6.9178044,106.9307722,20z?",,,,,,,,,,,
35,ecul coffee bar,0.9907680153846741,"[[232.0, 233.0], [354.0, 233.0], [354.0, 255.0], [232.0, 255.0]]",POINT (293 244),"https://www.google.com/maps/@-6.9178044,106.9307722,20z?",,,,,,,,,,,
36,radio swara perintis,0.9874510765075684,"[[1580.0, 247.0], [1708.0, 247.0], [1708.0, 267.0], [1580.0, 267.0]]",POINT (1644 257),"https://www.google.com/maps/@-6.9178044,106.9307722,20z?",-6.91757,106.9317994,Radio Swara Perintis,Penyiar Radio,Telepon: (0266) 221286 ,"Alamat: Jl. Syamsudin. SH No.25, Cikole, Kec. Cikole, Kota Sukabumi, Jawa Barat 43133 ",Situs Web: sukabumikota.go.id ,Radionya selalu menemani kalau pas lagi nugas di Sukabumi. . .,2 tahun lalu,5 bintang,"https://www.google.com/maps/place/Radio+Swara+Perintis/@-6.9178044,106.9307722,20z/data=!4m6!3m5!1s0x2e6849ec89362455:0xd6f8c98380963976!8m2!3d-6.91757!4d106.9317994!16s%2Fg%2F11hnvlns0k!5m1!1e1?entry=ttu&g_ep=EgoyMDI0MTEwNi4wIKXMDSoASAFQAw%3D%3D"
40,j1. syamsudin.sh,0.9206645488739014,"[[689.0, 397.0], [826.0, 432.0], [821.0, 454.0], [684.0, 419.0]]",POINT (755 425.5),"https://www.google.com/maps/@-6.9178044,106.9307722,20z?",,,,,,,,,,,
41,r rouma setda,0.6981269121170044,"[[1577.0, 526.0], [1706.0, 531.0], [1705.0, 567.0], [1576.0, 562.0]]",POINT (1641 546.5),"https://www.google.com/maps/@-6.9178044,106.9307722,20z?",,,,,,,,,,,
42,oajidz,0.7782185077667236,"[[1140.0, 548.0], [1204.0, 548.0], [1204.0, 576.0], [1140.0, 576.0]]",POINT (1172 562),"https://www.google.com/maps/@-6.9178044,106.9307722,20z?",,,,,,,,,,,
44,basah ibu aas,0.9309006333351135,"[[114.0, 584.0], [218.0, 584.0], [218.0, 598.0], [114.0, 598.0]]",POINT (166 591),"https://www.google.com/maps/@-6.9178044,106.9307722,20z?",,,,,,,,,,,
46,"z piv""6",0.6909591555595398,"[[1169.0, 608.0], [1208.0, 621.0], [1183.0, 695.0], [1144.0, 683.0]]",POINT (1175.9767971825152 651.6891443961052),"https://www.google.com/maps/@-6.9178044,106.9307722,20z?",,,,,,,,,,,
47,jf. ir. h. juanda,0.8996495604515076,"[[1494.0, 745.0], [1528.0, 753.0], [1500.0, 886.0], [1466.0, 879.0]]",POINT (1496.99347230996 815.6799326173931),"https://www.google.com/maps/@-6.9178044,106.9307722,20z?",,,,,,,,,,,
48,. syamsudin.s,0.9314950108528137,"[[1794.0, 782.0], [1919.0, 804.0], [1916.0, 825.0], [1791.0, 802.0]]",POINT (1855.4948035487957 803.3410646387832),"https://www.google.com/maps/@-6.9178044,106.9307722,20z?",,,,,,,,,,,
49,yang jalak o,0.9625963568687439,"[[70.0, 795.0], [164.0, 795.0], [164.0, 823.0], [70.0, 823.0]]",POINT (117 809),"https://www.google.com/maps/@-6.9178044,106.9307722,20z?",,,,,,,,,,,
51,aiii,0.633462131023407,"[[324.0, 835.0], [346.0, 844.0], [330.0, 885.0], [308.0, 877.0]]",POINT (326.9818875119161 860.1823959326343),"https://www.google.com/maps/@-6.9178044,106.9307722,20z?",,,,,,,,,,,
52,l,0.6151206493377686,"[[1854.0, 2.0], [1878.0, 2.0], [1878.0, 18.0], [1854.0, 18.0]]",POINT (1866 10),"https://www.google.com/maps/@-6.9166128,106.9307722,20z?",,,,,,,,,,,
53,1 restoran  hotel  rekomendasi aktivitas,0.9405279159545898,"[[500.0, 26.0], [870.0, 22.0], [870.0, 48.0], [500.0, 52.0]]",POINT (685 37),"https://www.google.com/maps/@-6.9166128,106.9307722,20z?",,,,,,,,,,,
54,musey,0.8808624148368835,"[[887.0, 29.0], [961.0, 21.0], [963.0, 41.0], [889.0, 48.0]]",POINT (925.312757201646 34.71604938271605),"https://www.google.com/maps/@-6.9166128,106.9307722,20z?",,,,,,,,,,,
55,*r atm,0.7857840657234192,"[[1258.0, 30.0], [1324.0, 30.0], [1324.0, 50.0], [1258.0, 50.0]]",POINT (1291 40),"https://www.google.com/maps/@-6.9166128,106.9307722,20z?",,,,,,,,,,,
56,su,0.9145667552947998,"[[1808.0, 51.0], [1837.0, 36.0], [1848.0, 59.0], [1820.0, 73.0]]",POINT (1828.2508250825083 54.65016501650165),"https://www.google.com/maps/@-6.9166128,106.9307722,20z?",,,,,,,,,,,
57,banjir jabar tengah,0.9980645179748535,"[[150.0, 88.0], [296.0, 88.0], [296.0, 108.0], [150.0, 108.0]]",POINT (223 98),"https://www.google.com/maps/@-6.9166128,106.9307722,20z?",,,,,,,,,,,
58,diperba,0.9772158265113831,"[[146.0, 125.0], [200.0, 110.0], [207.0, 134.0], [153.0, 149.0]]",POINT (176.5 129.5),"https://www.google.com/maps/@-6.9166128,106.9307722,20z?",,,,,,,,,,,
59,arui 3 hari ilalu,0.8836910724639893,"[[190.0, 124.0], [264.0, 124.0], [264.0, 144.0], [190.0, 144.0]]",POINT (227 134),"https://www.google.com/maps/@-6.9166128,106.9307722,20z?",,,,,,,,,,,
60,selabatu,0.9998106956481934,"[[106.0, 179.0], [178.0, 179.0], [178.0, 199.0], [106.0, 199.0]]",POINT (142 189),"https://www.google.com/maps/@-6.9166128,106.9307722,20z?",,,,,,,,,,,
61,23,0.9975154399871826,"[[388.0, 181.0], [410.0, 181.0], [410.0, 195.0], [388.0, 195.0]]",POINT (399 188),"https://www.google.com/maps/@-6.9166128,106.9307722,20z?",,,,,,,,,,,
64,kencana,0.948636531829834,"[[1626.0, 226.0], [1707.0, 184.0], [1718.0, 205.0], [1638.0, 248.0]]",POINT (1671.873920552677 215.9381992941353),"https://www.google.com/maps/@-6.9166128,106.9307722,20z?",,,,,,,,,,,
65,jauh lebih larmbat dari biasanya,0.9780493974685669,"[[152.0, 243.0], [322.0, 243.0], [322.0, 257.0], [152.0, 257.0]]",POINT (237 250),"https://www.google.com/maps/@-6.9166128,106.9307722,20z?",,,,,,,,,,,
69,isa.,0.6179553270339966,"[[1056.0, 606.0], [1092.0, 606.0], [1092.0, 628.0], [1056.0, 628.0]]",POINT (1074 617),"https://www.google.com/maps/@-6.9166128,106.9307722,20z?",,,,,,,,,,,
72,41,0.785700798034668,"[[490.0, 678.0], [506.0, 678.0], [506.0, 696.0], [490.0, 696.0]]",POINT (498 687),"https://www.google.com/maps/@-6.9166128,106.9307722,20z?",-6.9169511,106.9301539,Dapoer Steak,Rumah Makan,Telepon: 0815-6323-2000 ,"Alamat: Jl. Surya Kencana No.37, Selabatu, Kec. Cikole, Kota Sukabumi, Jawa Barat 43114 ",,"Makanannya enak"" hrga wort it murah"" juga",2 minggu lalu,5 bintang,"https://www.google.com/maps/place/Dapoer+Steak/@-6.9166128,106.9307722,132m/data=!3m1!1e3!4m6!3m5!1s0x2e684930f412c51b:0xab80dfb004d052f0!8m2!3d-6.9169511!4d106.9301539!16s%2Fg%2F11fj18xxr6!5m1!1e1?entry=ttu&g_ep=EgoyMDI0MTEwNi4wIKXMDSoASAFQAw%3D%3D"
73,irwana,0.9404693245887756,"[[1106.0, 670.0], [1168.0, 670.0], [1168.0, 690.0], [1106.0, 690.0]]",POINT (1137 680),"https://www.google.com/maps/@-6.9166128,106.9307722,20z?",-6.9169479,106.9309434,NIRWANA PHOTOCOPY SUKABUMI,Toko Fotokopi,Telepon: 0812-8755-6677 ,"Alamat: 3WMJ+69G, Jl. Dewi Sartika, Cikole, Kab. Sukabumi, Kota Sukabumi, Jawa Barat 43113 ",,Kak mau tanya ada hard cover yang warna merah maroon gak?,3 bulan lalu,5 bintang,"https://www.google.com/maps/place/NIRWANA+PHOTOCOPY+SUKABUMI/@-6.9166128,106.9307722,132m/data=!3m1!1e3!4m6!3m5!1s0x2e6848341ba4a289:0x8270ee7b98eff4e2!8m2!3d-6.9169479!4d106.9309434!16s%2Fg%2F11g9q39mhz!5m1!1e1?entry=ttu&g_ep=EgoyMDI0MTEwNi4wIKXMDSoASAFQAw%3D%3D"
75,4,0.928995668888092,"[[1858.0, 716.0], [1874.0, 729.0], [1861.0, 746.0], [1845.0, 734.0]]",POINT (1859.483615819209 731.1694915254237),"https://www.google.com/maps/@-6.9166128,106.9307722,20z?",,,,,,,,,,,
77,pisatm'c montesseg,0.5660931468009949,"[[1548.0, 766.0], [1713.0, 761.0], [1714.0, 797.0], [1549.0, 802.0]]",POINT (1631 781.5),"https://www.google.com/maps/@-6.9166128,106.9307722,20z?",-6.9170304,106.9317872,Islamic Montessori Private Class (IMPC),Taman Kanak-kanak,,"Alamat: 3WMJ+5PM, Jl. Cikole Dalam, Cikole, Kec. Cikole, Kota Sukabumi, Jawa Barat ",,Sayang bngt program pendidikan nya bagus tp guru nya gk ramah... Terus gk jelas labil kaya abg doyan nghapus2in cht,setahun lalu,1 bintang,"https://www.google.com/maps/place/Islamic+Montessori+Private+Class+(IMPC)/@-6.9166128,106.9307722,132m/data=!3m1!1e3!4m6!3m5!1s0x2e68498f5c396fd3:0x63b672e5cbea4f0e!8m2!3d-6.9170304!4d106.9317872!16s%2Fg%2F11t4_cyhhs!5m1!1e1?entry=ttu&g_ep=EgoyMDI0MTEwNi4wIKXMDSoASAFQAw%3D%3D"
78,j.,0.8764086365699768,"[[417.0, 769.0], [446.0, 758.0], [453.0, 773.0], [424.0, 785.0]]",POINT (434.8754716981132 771.3194968553458),"https://www.google.com/maps/@-6.9166128,106.9307722,20z?",,,,,,,,,,,
80,(encana,0.9385613203048706,"[[212.0, 878.0], [288.0, 840.0], [300.0, 863.0], [224.0, 892.0]]",POINT (258.3362831858407 867.1017699115044),"https://www.google.com/maps/@-6.9166128,106.9307722,20z?",,,,,,,,,,,
81,tim penggerak pkk o.,0.9790652394294739,"[[1178.0, 869.0], [1332.0, 869.0], [1332.0, 892.0], [1178.0, 892.0]]",POINT (1255 880.5),"https://www.google.com/maps/@-6.9166128,106.9307722,20z?",,,,,,,,,,,
82,+apotck,0.9133090972900391,"[[1176.0, 28.0], [1242.0, 28.0], [1242.0, 42.0], [1176.0, 42.0]]",POINT (1209 35),"https://www.google.com/maps/@-6.9154211,106.9307722,20z?",,,,,,,,,,,
83,choma,0.9986069798469543,"[[84.0, 269.0], [130.0, 269.0], [130.0, 285.0], [84.0, 285.0]]",POINT (107 277),"https://www.google.com/maps/@-6.9154211,106.9307722,20z?",,,,,,,,,,,
84,osalon kenari,0.9369189739227295,"[[645.0, 283.0], [773.0, 291.0], [771.0, 313.0], [643.0, 305.0]]",POINT (708 298),"https://www.google.com/maps/@-6.9154211,106.9307722,20z?",-6.915224,106.9303738,Salon Kenari,Salon Kecantikan,Telepon: (0266) 224838 ,"Alamat: Jl. Kenari No.10, Selabatu, Kab. Sukabumi, Kota Sukabumi, Jawa Barat 43114 ",Situs Web: salon.com ,"nyesel saya di potong rambut disini , gak sesuai request! di bilang jangan di tipisin karna rambut saya udh tipis, malah sotoy ditipisin banget! dibilang potongnya jangan kependekan malah dipotong banyak! udah gitu potongannya layer gak â€¦",2 bulan lalu,1 bintang,"https://www.google.com/maps/place/Salon+Kenari/@-6.9154211,106.9307722,132m/data=!3m1!1e3!4m6!3m5!1s0x2e6848346a4820cb:0x38e4657be1df8e2!8m2!3d-6.915224!4d106.9303738!16s%2Fg%2F1pzrrb472!5m1!1e1?entry=ttu&g_ep=EgoyMDI0MTEwNi4wIKXMDSoASAFQAw%3D%3D"
85,griya angel,0.9966332912445068,"[[682.0, 454.0], [772.0, 454.0], [772.0, 474.0], [682.0, 474.0]]",POINT (727 464),"https://www.google.com/maps/@-6.9154211,106.9307722,20z?",-6.9154723,106.9303761,GRIYA ANGELA,Pusat Retret,Telepon: (0266) 223118 ,"Alamat: Jl. Kenari No.1A, Selabatu, Kec. Cikole, Kota Sukabumi, Jawa Barat 43114 ",Situs Web: idadventure.com ,"Rumah retret Katolik dikelola Ursulin. Tempat yang asri dan nyaman untuk melakukan retret rohani selama minimal 2hari dgn perjanjian. Akomodasi dan sarana nya lengkap, makan3x dan snack2x. Dekat dgn gereja Katolik St. Yusuf, 7mnt jalan kaki.",7 bulan lalu,5 bintang,"https://www.google.com/maps/place/GRIYA+ANGELA/@-6.9154211,106.9307722,20z/data=!4m6!3m5!1s0x2e68483479f61da3:0xdba357e873fd3368!8m2!3d-6.9154723!4d106.9303761!16s%2Fg%2F11cs4c99g5!5m1!1e1?entry=ttu&g_ep=EgoyMDI0MTEwNi4wIKXMDSoASAFQAw%3D%3D"
91,@ rekomendasi aktivitas,0.9637893438339233,"[[694.0, 26.0], [868.0, 28.0], [868.0, 48.0], [694.0, 46.0]]",POINT (781 37),"https://www.google.com/maps/@-6.9201876,106.9333342,20z?",,,,,,,,,,,
92,museur,0.9143046736717224,"[[892.0, 28.0], [970.0, 26.0], [970.0, 46.0], [892.0, 48.0]]",POINT (931 37),"https://www.google.com/maps/@-6.9201876,106.9333342,20z?",,,,,,,,,,,
93,8 transportasi umum,0.9709102511405945,"[[996.0, 28.0], [1148.0, 26.0], [1148.0, 46.0], [996.0, 48.0]]",POINT (1072 37),"https://www.google.com/maps/@-6.9201876,106.9333342,20z?",,,,,,,,,,,
94,apotck,0.9600630402565002,"[[1172.0, 28.0], [1244.0, 28.0], [1244.0, 48.0], [1172.0, 48.0]]",POINT (1208 38),"https://www.google.com/maps/@-6.9201876,106.9333342,20z?",,,,,,,,,,,
95,-- atm,0.8363471031188965,"[[1272.0, 30.0], [1322.0, 30.0], [1322.0, 48.0], [1272.0, 48.0]]",POINT (1297 39),"https://www.google.com/maps/@-6.9201876,106.9333342,20z?",,,,,,,,,,,
96,o warung newmmpoet,0.9146998524665833,"[[626.0, 52.0], [788.0, 52.0], [788.0, 72.0], [626.0, 72.0]]",POINT (707 62),"https://www.google.com/maps/@-6.9201876,106.9333342,20z?",,,,,,,,,,,
97,food court ummi,0.9642314314842224,"[[1604.0, 94.0], [1716.0, 94.0], [1716.0, 108.0], [1604.0, 108.0]]",POINT (1660 101),"https://www.google.com/maps/@-6.9201876,106.9333342,20z?",-6.9197433,106.9341722,Food Court UMMI,Kafe,,"Alamat: R Jl. Syamsudin. SH No.50, Cikole, Kec. Cikole, Kota Sukabumi, Jawa Barat 43113 ",Situs Web: ummi.ac.id ,"Tempat nya nyaman ,kalau soal harga lumayan sedikit mahal",4 tahun lalu,3 bintang,"https://www.google.com/maps/place/Food+Court+UMMI/@-6.9201876,106.9333342,132m/data=!3m1!1e3!4m6!3m5!1s0x2e6848364b19205f:0xc07215da72db78ca!8m2!3d-6.9197433!4d106.9341722!16s%2Fg%2F11fy_q4b2x!5m1!1e1?entry=ttu&g_ep=EgoyMDI0MTEwNi4wIKXMDSoASAFQAw%3D%3D"
98,dir,0.8599289059638977,"[[500.0, 151.0], [516.0, 136.0], [527.0, 147.0], [511.0, 162.0]]",POINT (513.5 149),"https://www.google.com/maps/@-6.9201876,106.9333342,20z?",,,,,,,,,,,
99,orthodontist sukabumi,0.9804942607879639,"[[1562.0, 197.0], [1716.0, 197.0], [1716.0, 217.0], [1562.0, 217.0]]",POINT (1639 207),"https://www.google.com/maps/@-6.9201876,106.9333342,20z?",-6.9198948,106.9341773,Orthodontist Sukabumi,Ortodontis,Telepon: (0266) 225180 ,"Alamat: Jl. Rumah Sakit No.1, Cikole, Kec. Cikole, Kota Sukabumi, Jawa Barat 43113 ",,,,,"https://www.google.com/maps/place/Orthodontist+Sukabumi/@-6.9201876,106.9333342,132m/data=!3m1!1e3!4m6!3m5!1s0x2e6849e02cf5a751:0x3f4923eae054a3e0!8m2!3d-6.9198948!4d106.9341773!16s%2Fg%2F11tdkw78gr!5m1!1e1?entry=ttu&g_ep=EgoyMDI0MTEwNi4wIKXMDSoASAFQAw%3D%3D"
100,st pondok lestari,0.999687671661377,"[[602.0, 211.0], [716.0, 211.0], [716.0, 231.0], [602.0, 231.0]]",POINT (659 221),"https://www.google.com/maps/@-6.9201876,106.9333342,20z?",-6.9199028,106.9328127,Kost Pondok Lestari,Rumah Pondokan,Telepon: 0857-2323-1322 ,"Alamat: Jl. R. E. Martadinata Gg. Adireja, Cikole, Kec. Cikole, Kota Sukabumi, Jawa Barat 43113 ",,Nyamaaan,10 bulan lalu,5 bintang,"https://www.google.com/maps/place/Kost+Pondok+Lestari/@-6.9201876,106.9333342,132m/data=!3m1!1e3!4m6!3m5!1s0x2e68491fac9c0241:0xf4a3c15adfc33a8!8m2!3d-6.9199028!4d106.9328127!16s%2Fg%2F11f6371qxg!5m1!1e1?entry=ttu&g_ep=EgoyMDI0MTEwNi4wIKXMDSoASAFQAw%3D%3D"
101,kos puri cendekia,0.9857451319694519,"[[300.0, 271.0], [418.0, 271.0], [418.0, 291.0], [300.0, 291.0]]",POINT (359 281),"https://www.google.com/maps/@-6.9201876,106.9333342,20z?",,,,,,,,,,,
102,kost griya qq 1,0.9619043469429016,"[[298.0, 317.0], [404.0, 319.0], [404.0, 339.0], [298.0, 337.0]]",POINT (351 328),"https://www.google.com/maps/@-6.9201876,106.9333342,20z?",-6.9200555,106.932643,Kost Griya QQ 1,Hotel jangka panjang,Telepon: 0815-6072-150 ,"Alamat: Jl. R. E. Martadinata Gg. Adireja No.02, Cikole, Kec. Cikole, Kota Sukabumi, Jawa Barat 43113 ",,,,,"https://www.google.com/maps/place/Kost+Griya+QQ+1/@-6.9200498,106.9322849,132m/data=!3m1!1e3!4m6!3m5!1s0x2e6849ac32b1d2e3:0x2df2f6d8fa87a798!8m2!3d-6.9200555!4d106.932643!16s%2Fg%2F11h_b0sz4g!5m1!1e1?entry=ttu&g_ep=EgoyMDI0MTEwNi4wIKXMDSoASAFQAw%3D%3D"
103,o kresna poultry supplier,0.9922289848327637,"[[154.0, 337.0], [332.0, 339.0], [332.0, 361.0], [154.0, 359.0]]",POINT (243 349),"https://www.google.com/maps/@-6.9201876,106.9333342,20z?",-6.920072,106.932281,Kresna Poultry Supplier,,Telepon: (0266) 221647 ,"Alamat: JL Arif Rahman Hakim, No. 17, Benteng, Warudoyong, Cikole, Kab. Sukabumi, Kota Sukabumi, Jawa Barat 43113 ",,,,,"https://www.google.com/maps/place/Kresna+Poultry+Supplier/@-6.9200761,106.9319473,132m/data=!3m1!1e3!4m6!3m5!1s0x2e684837031e6819:0xa5331ec3cdceedaf!8m2!3d-6.920072!4d106.932281!16s%2Fg%2F11b6dcr62r!5m1!1e1?entry=ttu&g_ep=EgoyMDI0MTEwNi4wIKXMDSoASAFQAw%3D%3D"
104,mie goreng mang uha,0.9934778809547424,"[[220.0, 466.0], [370.0, 466.0], [370.0, 486.0], [220.0, 486.0]]",POINT (295 476),"https://www.google.com/maps/@-6.9201876,106.9333342,20z?",-6.9202553,106.9325863,Mie Goreng Mang Uha,Restoran Mie,,"Alamat: Jl. R. E. Martadinata No.45, Cikole, Kec. Cikole, Kota Sukabumi, Jawa Barat 43113 ",,,,,"https://www.google.com/maps/place/Mie+Goreng+Mang+Uha/@-6.9202515,106.9322323,132m/data=!3m1!1e3!4m6!3m5!1s0x2e684961ee0ec051:0x8877d070d4d9be43!8m2!3d-6.9202553!4d106.9325863!16s%2Fg%2F11kjpcxd_f!5m1!1e1?entry=ttu&g_ep=EgoyMDI0MTEwNi4wIKXMDSoASAFQAw%3D%3D"
105,btpn kc sukabumi,0.9991230964660645,"[[814.0, 564.0], [940.0, 564.0], [940.0, 584.0], [814.0, 584.0]]",POINT (877 574),"https://www.google.com/maps/@-6.9201876,106.9333342,20z?",,,,,,,,,,,
106,martadinata sukabumi,0.9535121917724609,"[[1144.0, 590.0], [1292.0, 590.0], [1292.0, 610.0], [1144.0, 610.0]]",POINT (1218 600),"https://www.google.com/maps/@-6.9201876,106.9333342,20z?",,,,,,,,,,,
107,vihara dharma ratna,0.9781240224838257,"[[668.0, 604.0], [814.0, 606.0], [814.0, 626.0], [668.0, 624.0]]",POINT (741 615),"https://www.google.com/maps/@-6.9201876,106.9333342,20z?",,,,,,,,,,,
108,gedung wanita,0.9994155168533325,"[[1124.0, 634.0], [1220.0, 634.0], [1220.0, 656.0], [1124.0, 656.0]]",POINT (1172 645),"https://www.google.com/maps/@-6.9201876,106.9333342,20z?",,,,,,,,,,,
109,iii,0.752280056476593,"[[1860.0, 684.0], [1870.0, 684.0], [1870.0, 696.0], [1860.0, 696.0]]",POINT (1865 690),"https://www.google.com/maps/@-6.9201876,106.9333342,20z?",,,,,,,,,,,
110,bni s,0.861935019493103,"[[1880.0, 686.0], [1914.0, 686.0], [1914.0, 700.0], [1880.0, 700.0]]",POINT (1897 693),"https://www.google.com/maps/@-6.9201876,106.9333342,20z?",,,,,,,,,,,
111,abbani kota s,0.9748271703720093,"[[114.0, 698.0], [204.0, 698.0], [204.0, 718.0], [114.0, 718.0]]",POINT (159 708),"https://www.google.com/maps/@-6.9201876,106.9333342,20z?",,,,,,,,,,,
112,sbidmaximus gw,0.9676156640052795,"[[1292.0, 708.0], [1408.0, 708.0], [1408.0, 730.0], [1292.0, 730.0]]",POINT (1350 719),"https://www.google.com/maps/@-6.9201876,106.9333342,20z?",,,,,,,,,,,
113,janji jiwa & jiwa toast,0.9984614253044128,"[[426.0, 779.0], [574.0, 779.0], [574.0, 799.0], [426.0, 799.0]]",POINT (500 789),"https://www.google.com/maps/@-6.9201876,106.9333342,20z?",,,,,,,,,,,
114,martadinata,0.9956874251365662,"[[163.0, 801.0], [261.0, 765.0], [268.0, 785.0], [170.0, 821.0]]",POINT (215.5 793),"https://www.google.com/maps/@-6.9201876,106.9333342,20z?",,,,,,,,,,,
115,re martadinata 369,0.9992195963859558,"[[426.0, 795.0], [550.0, 795.0], [550.0, 815.0], [426.0, 815.0]]",POINT (488 805),"https://www.google.com/maps/@-6.9201876,106.9333342,20z?",,,,,,,,,,,
116,posbid sis 1,0.9226348400115967,"[[988.0, 804.0], [1069.0, 799.0], [1070.0, 821.0], [989.0, 826.0]]",POINT (1029 812.5),"https://www.google.com/maps/@-6.9201876,106.9333342,20z?",,,,,,,,,,,
117,.,0.5752148032188416,"[[1080.0, 803.0], [1098.0, 803.0], [1098.0, 821.0], [1080.0, 821.0]]",POINT (1089 812),"https://www.google.com/maps/@-6.9201876,106.9333342,20z?",,,,,,,,,,,
118,lenoyo sukabumi,0.9306896924972534,"[[1200.0, 829.0], [1324.0, 827.0], [1324.0, 849.0], [1200.0, 851.0]]",POINT (1262 839),"https://www.google.com/maps/@-6.9201876,106.9333342,20z?",,,,,,,,,,,
119,la.,0.8782610297203064,"[[820.0, 849.0], [848.0, 849.0], [848.0, 863.0], [820.0, 863.0]]",POINT (834 856),"https://www.google.com/maps/@-6.9201876,106.9333342,20z?",,,,,,,,,,,
120,33,0.947421669960022,"[[844.0, 849.0], [946.0, 849.0], [946.0, 863.0], [844.0, 863.0]]",POINT (895 856),"https://www.google.com/maps/@-6.9201876,106.9333342,20z?",,,,,,,,,,,
121,gogle,0.9820685386657715,"[[961.0, 845.0], [1029.0, 850.0], [1027.0, 872.0], [959.0, 867.0]]",POINT (994 858.5),"https://www.google.com/maps/@-6.9201876,106.9333342,20z?",,,,,,,,,,,
122,pea,0.870917022228241,"[[1068.0, 849.0], [1118.0, 849.0], [1118.0, 863.0], [1068.0, 863.0]]",POINT (1093 856),"https://www.google.com/maps/@-6.9201876,106.9333342,20z?",,,,,,,,,,,
